Time(s),Angle(deg)
1.6666666666666667,-7.7981971340517475
1.7083333333333333,-10.160722927637124
1.75,-12.258546602657361
1.7916666666666667,-14.392334467392175
1.8333333333333333,-19.082854091303517
1.875,-20.744011611947684
1.9166666666666667,-22.833654177917538
1.9583333333333333,-24.673281512561317
2.0,-28.261241441572366
2.0416666666666665,-29.762972796029345
2.0833333333333335,-31.26373169437744
2.125,-32.80495033810132
2.1666666666666665,-35.62201064174914
2.2083333333333335,-36.6669276160485
2.25,-38.00230739598558
2.2916666666666665,-38.953514330386525
2.3333333333333335,-40.80513755443414
2.375,-41.62152260446595
2.4166666666666665,-42.34174776529221
2.4583333333333335,-42.95459151111277
2.5,-43.87669728592459
2.5416666666666665,-44.28511649936894
2.5833333333333335,-44.48935594937342
2.625,-44.69360837772928
2.6666666666666665,-45.10176859548733
2.7083333333333335,-45.10176859548733
2.75,-44.89786859388772
2.7916666666666665,-44.592207743434244
2.8333333333333335,-44.18445679710288
2.875,-43.772421167865446
2.9166666666666665,-43.363422958383296
2.9583333333333335,-42.54596832547293
3.0,-41.213137597533404
3.0416666666666665,-40.60129464500449
3.0833333333333335,-39.564522309363554
3.125,-38.54693255395341
3.1666666666666665,-36.37822458032156
3.2083333333333335,-35.21759296819272
3.25,-34.010376024224826
3.2916666666666665,-32.6484408499698
3.3333333333333335,-29.67308211207782
3.375,-28.18314570981545
3.4166666666666665,-26.435422937814735
3.4583333333333335,-24.68398596735571
3.5,-21.047915198089925
3.5416666666666665,-19.07766297993436
3.5833333333333335,-17.10272896905238
3.625,-15.127794958170398
3.6666666666666665,-10.82511166537006
3.7083333333333335,-8.480341879366307
3.75,-6.115503566285412
3.7916666666666665,-4.075255879633374
3.8333333333333335,0.4384795481653793
3.875,2.782005537252134
3.9166666666666665,5.128191041852838
3.9583333333333335,7.179393851885467
4.0,11.798155369845714
4.041666666666667,13.786978131534978
4.083333333333333,15.925214225282309
4.125,17.87869659584134
4.166666666666667,21.692170763588965
4.208333333333333,23.275808498586162
4.25,25.24813877128473
4.291666666666667,27.025512511163992
4.333333333333333,30.182384313960146
4.375,31.443524873793184
4.416666666666667,32.83253258192729
4.458333333333333,34.30348926422189
4.5,36.42803664089576
4.541666666666667,37.69424046668917
4.583333333333333,38.75162833496177
4.625,39.48580151290955
4.666666666666667,40.93663400706696
4.708333333333333,41.462580570012484
4.75,42.18444331578877
4.791666666666667,42.71768047669488
4.833333333333333,43.33368363814676
4.875,43.54715763062341
4.916666666666667,43.64844469440066
4.958333333333333,43.64844469440066
5.0,43.541876844102774
5.041666666666667,43.44060893590509
5.083333333333333,43.13232116056583
5.125,42.817369698132936
5.166666666666667,42.09618113490372
5.208333333333333,41.47536493830132
5.25,40.9513339304403
5.291666666666667,40.21911612516805
5.333333333333333,38.45370921670597
5.375,37.63106403780795
5.416666666666667,36.57682716081769
5.458333333333333,35.43560703383713
5.5,33.079261460077696
5.541666666666667,31.664893658954092
5.583333333333333,30.36172146162631
5.625,28.85566121971652
5.666666666666667,25.71483375520651
5.708333333333333,24.081175038921657
5.75,22.45154645600387
5.791666666666667,20.556045219583467
5.833333333333333,16.82464822042302
5.875,14.706545281527587
5.916666666666667,12.623563597702624
5.958333333333333,10.682214985593284
6.0,6.4043527263841415
6.041666666666667,4.220283885757778
6.083333333333333,2.0350344568598926
6.125,0.0
6.166666666666667,-4.365257735027939
6.208333333333333,-6.532136687852443
6.25,-8.580918211443475
6.291666666666667,-10.539183728628217
6.333333333333333,-14.52924968584989
6.375,-16.364918169880923
6.416666666666667,-18.29732912076986
6.458333333333333,-19.99550552181745
6.5,-23.313105576714122
6.541666666666667,-25.008131315832628
6.583333333333333,-26.500090003651252
6.625,-27.799123131999636
6.666666666666667,-30.266883066697602
6.708333333333333,-31.560048406252008
6.75,-32.526657694154636
6.791666666666667,-33.649859968009395
6.833333333333333,-35.45369107477134
6.875,-36.17613805695953
6.916666666666667,-36.89880570570847
6.958333333333333,-37.53341427145912
7.0,-38.14100238292855
7.041666666666667,-38.862744050738
7.083333333333333,-39.1777984372323
7.125,-39.49207945019532
7.166666666666667,-39.69489039378962
7.208333333333333,-39.80557109226518
7.25,-39.80557109226518
7.291666666666667,-39.49207945019532
7.333333333333333,-39.400660663479414
7.375,-38.682268378189775
7.416666666666667,-38.25442035251717
7.458333333333333,-37.849709819692436
7.5,-37.12928320559999
7.541666666666667,-35.889592456889886
7.583333333333333,-35.16911353378211
7.625,-34.12987296634202
7.666666666666667,-33.289963837536106
7.708333333333333,-31.210932649719467
7.75,-29.923930025081205
7.791666666666667,-28.690915070775617
7.833333333333333,-27.40283750848883
7.875,-24.503550951469265
7.916666666666667,-23.00887008282288
7.958333333333333,-21.265449632906268
8.0,-19.760791614469554
8.041666666666666,-16.104164540650828
8.083333333333334,-14.212104731234973
8.125,-12.528807709151522
8.166666666666666,-10.628547993686254
8.208333333333334,-6.548655738900607
8.25,-4.643272583118858
8.291666666666666,-2.6157548754218567
8.333333333333334,-0.5831430140978853
8.375,3.512469679059583
8.416666666666666,5.565098834911646
8.458333333333334,7.633330587231303
8.5,9.41417450548248
8.541666666666666,13.35842962867037
8.583333333333334,15.139317824216596
8.625,16.854135371696362
8.666666666666666,18.666914274220215
8.708333333333334,22.019990322037494
8.75,23.604115042914238
8.791666666666666,25.05242573990958
8.833333333333334,26.302529396708316
8.875,28.79792985016876
8.916666666666666,30.182384313960146
8.958333333333334,31.16514684334127
9.0,32.34744349944203
9.041666666666666,34.13799981762139
9.083333333333334,34.8716763731932
9.125,35.606009041048935
9.166666666666666,36.34075720940161
9.208333333333334,37.30949858112534
9.25,37.92646232503863
9.291666666666666,38.15722658736906
9.333333333333334,38.45370921670597
9.375,38.86607216928015
9.416666666666666,38.86607216928015
9.458333333333334,38.86607216928015
9.5,38.86607216928015
9.541666666666666,38.45370921670597
9.583333333333334,38.0420262667791
9.625,37.72061730835451
9.666666666666666,37.220862809085645
9.708333333333334,36.25383773744479
9.75,35.52063055073
9.791666666666666,34.90807918356411
9.833333333333334,34.05578030093244
9.875,32.06739160326049
9.916666666666666,31.21461210742084
9.958333333333334,30.035259701557194
10.0,28.85566121971652
10.041666666666666,26.36883352118407
10.083333333333334,25.06105546990425
10.125,23.621004827090367
10.166666666666666,22.181385399875047
10.208333333333334,18.758650347842234
10.25,17.231821757397046
10.291666666666666,15.563295629896292
10.333333333333334,13.717346318360326
10.375,10.13494616071458
10.416666666666666,8.357383374297118
10.458333333333334,6.275850639308193
10.5,4.387499452632432
10.541666666666666,0.583143014097872
10.583333333333334,-1.461310090881227
10.625,-3.3578924296798505
10.666666666666666,-5.260483500920145
10.708333333333334,-8.912108253971468
10.75,-10.852490860253425
10.791666666666666,-12.481403600128033
10.833333333333334,-14.31970821519576
10.875,-17.60596806258249
10.916666666666666,-19.125226020787096
10.958333333333334,-20.641078964680446
11.0,-22.071543173185148
11.041666666666666,-24.74468569244084
11.083333333333334,-26.04478598047396
11.125,-27.21611155730747
11.166666666666666,-28.320445036541685
11.208333333333334,-30.14138555207535
11.25,-31.113093586203405
11.291666666666666,-31.959238966103328
11.333333333333334,-32.60459316624153
11.375,-33.85101030355821
11.416666666666666,-34.37404363737372
11.458333333333334,-34.814157215943
11.5,-35.01575007068004
11.541666666666666,-35.73977846882852
11.583333333333334,-35.65532809790031
11.625,-35.73977846882852
11.666666666666666,-35.73977846882852
11.708333333333334,-35.65532809790031
11.75,-35.33581445981014
11.791666666666666,-35.01575007068004
11.833333333333334,-34.575806622660565
11.875,-33.448992737474725
11.916666666666666,-32.926704694807114
11.958333333333334,-32.20480546400938
12.0,-31.484387537601947
12.041666666666666,-29.744881296942225
12.083333333333334,-28.702928061799525
12.125,-27.664270981907606
12.166666666666666,-26.565051177077976
12.208333333333334,-24.227745317954174
12.25,-22.98871680208063
12.291666666666666,-21.505518419807828
12.333333333333334,-20.318093187113192
12.375,-17.284585761592353
12.416666666666666,-15.625422797269465
12.458333333333334,-13.824299504261404
12.5,-12.308015817427929
12.541666666666666,-8.790543182813934
12.583333333333334,-7.3243367259394745
12.625,-5.405754014978271
12.666666666666666,-3.512469679059592
12.708333333333334,0.14691193319884
12.75,2.055888785004674
12.791666666666666,3.82385060275258
12.833333333333334,5.73983313471272
12.875,9.171729030165954
12.916666666666666,10.963389646329635
12.958333333333334,12.496789953605784
13.0,14.17957219837795
13.041666666666666,17.36281772697085
13.083333333333334,18.761284152175815
13.125,20.210269215157226
13.166666666666666,21.60960223702575
13.208333333333334,24.187353516740625
13.25,25.311081140802713
13.291666666666666,26.4331854041197
13.333333333333334,27.422116283334773
13.375,28.41053678035568
13.416666666666666,30.182384313960146
13.458333333333334,30.837831944687245
13.5,31.492161124727005
13.541666666666666,32.145204518273786
13.583333333333334,32.999300817238634
13.625,33.324613930936785
13.666666666666666,33.56859255707841
13.708333333333334,34.094977954765554
13.75,34.29785002687143
13.791666666666666,34.29785002687143
13.833333333333334,34.29785002687143
13.875,34.13389919383844
13.916666666666666,33.73035990999391
13.958333333333334,33.488038111114854
14.0,33.08485292873498
14.041666666666666,32.6828615224713
14.083333333333334,31.31250914367574
14.125,30.78945439416184
14.166666666666666,30.214508316631868
14.208333333333334,29.36568375443795
14.25,27.541589212839554
14.291666666666666,26.56505117707799
14.333333333333334,25.457079804432063
14.375,24.21443464807792
14.416666666666666,21.991129917177126
14.458333333333334,20.556045219583467
14.5,19.269294398468805
14.541666666666666,18.01809116973378
14.583333333333334,14.959716046191916
14.625,13.6097318958122
14.666666666666666,11.798155369845714
14.708333333333334,10.160722927637131
14.75,6.761238510037223
14.791666666666666,5.154482983800475
14.833333333333334,3.5304830887600267
14.875,1.7623910236605125
14.916666666666666,-1.7669187236402593
14.958333333333334,-3.383728830331023
15.0,-5.154482983800477
15.041666666666666,-6.924491054163866
15.083333333333334,-10.067707323602548
15.125,-11.714230659391802
15.166666666666666,-13.215238649209255
15.208333333333334,-14.713635558172257
15.25,-17.599251177127627
15.291666666666666,-18.99210253653459
15.333333333333334,-20.246620075588226
15.375,-21.44773632710536
15.416666666666666,-23.48689290856484
15.458333333333334,-24.60139364302603
15.5,-25.778430862189197
15.541666666666666,-26.565051177077976
15.583333333333334,-28.003683871340684
15.625,-28.657117456558126
15.666666666666666,-29.437231615705173
15.708333333333334,-29.962184096417758
15.75,-30.73887237698193
15.791666666666666,-31.13897243697886
15.833333333333334,-31.46414363086575
15.875,-31.6648936589541
15.916666666666666,-31.912771576163323
15.958333333333334,-31.912771576163323
16.0,-31.46414363086575
16.041666666666668,-31.06366188768905
16.083333333333332,-30.813505706439287
16.125,-30.4138139317636
16.166666666666668,-29.88943041823913
16.208333333333332,-29.238652177102608
16.25,-28.587182893119007
16.291666666666668,-27.935190138259316
16.333333333333332,-27.153014591707233
16.375,-26.23951047841868
16.416666666666668,-24.540615641075874
16.458333333333332,-23.42869280874541
16.5,-22.316596647716693
16.541666666666668,-21.39429331923094
16.583333333333332,-18.897001544352776
16.625,-17.55496966916047
16.666666666666668,-16.348171547351257
16.708333333333332,-14.818147250880799
16.75,-11.971782958178693
16.791666666666668,-10.475447232041148
16.833333333333332,-8.980248775223004
16.875,-7.5073466669496725
16.916666666666668,-4.127591702511722
16.958333333333332,-2.6493288031904285
17.0,-0.883669457792962
17.041666666666668,0.5891389227978311
17.083333333333332,4.127591702511724
17.125,5.622400627089724
17.166666666666668,7.088475678146005
17.208333333333332,8.734949781384627
17.25,11.744202426024701
17.291666666666668,13.248968127970729
17.333333333333332,14.713635558172253
17.375,15.965627460644528
17.416666666666668,18.388480236587373
17.458333333333332,19.693481971438455
17.5,20.762763911963166
17.541666666666668,21.828693188819592
17.583333333333332,23.873080808637617
17.625,24.79560700107917
17.666666666666668,25.582934013853805
17.708333333333332,26.36883352118407
17.75,27.73817962838724
17.791666666666668,28.38955576647771
17.833333333333332,28.842660135412068
17.875,29.04046048556214
17.916666666666668,30.068582821862453
17.958333333333332,30.141385552075338
18.0,30.015568005150122
18.041666666666668,30.26688306669759
18.083333333333332,30.46554491945988
18.125,30.193898589660563
18.166666666666668,30.068582821862453
18.208333333333332,29.870647936153347
18.25,29.152929684483304
18.291666666666668,28.82980572530142
18.333333333333332,28.251642303397205
18.375,27.731546125077145
18.416666666666668,26.500090003651252
18.458333333333332,25.917668790136112
18.5,25.00813131583264
18.541666666666668,24.22774531795417
18.583333333333332,22.34064795999414
18.625,21.370622269343183
18.666666666666668,20.181790699981697
18.708333333333332,18.940351571990583
18.75,16.685300262618128
18.791666666666668,15.344623307017997
18.833333333333332,14.1068047370731
18.875,12.655462997766104
18.916666666666668,9.965744972357257
18.958333333333332,8.336201391540106
19.0,6.889232579025187
19.041666666666668,5.419532499182105
19.083333333333332,2.343276968425644
19.125,0.8791501206731048
19.166666666666668,-0.73264266886477
19.208333333333332,-2.0506352521926487
19.25,-5.141303489938281
19.291666666666668,-6.6155722241504975
19.333333333333332,-8.254748523389594
19.375,-9.43818750873146
19.416666666666668,-12.289744647868616
19.458333333333332,-13.501450851828935
19.5,-14.818147250880799
19.541666666666668,-16.066400535196664
19.583333333333332,-18.202983371623816
19.625,-19.269294398468816
19.666666666666668,-20.384295795418723
19.708333333333332,-21.1745063747411
19.75,-23.025492008528033
19.791666666666668,-23.679732877656647
19.833333333333332,-24.334727627073107
19.875,-25.123127805396706
19.916666666666668,-26.041816594893817
19.958333333333332,-26.433939782330782
20.0,-26.826375611352745
20.041666666666668,-27.153014591707233
20.083333333333332,-27.479615357332648
20.125,-27.609050054449312
20.166666666666668,-27.670507916087928
20.208333333333332,-27.670507916087928
20.25,-27.34542216332696
20.291666666666668,-27.149681697783166
20.333333333333332,-26.824894200689926
20.375,-26.369947120132707
20.416666666666668,-25.719658350419195
20.458333333333332,-25.008131315832628
20.5,-24.55208256474154
20.541666666666668,-23.903557877320566
20.583333333333332,-22.285587646832766
20.625,-21.505518419807828
20.666666666666668,-20.589978161729903
20.708333333333332,-19.80978360349141
20.75,-18.802813941531724
20.791666666666668,-16.60210931697995
20.833333333333332,-15.586304491473157
20.875,-14.52924968584989
20.916666666666668,-13.33196696096175
20.958333333333332,-10.852490860253425
21.0,-9.510208347743514
21.041666666666668,-8.04760308861728
21.083333333333332,-6.726884049001313
21.125,-3.9502152625990448
21.166666666666668,-2.489552921999149
21.208333333333332,-1.1721286209350694
21.25,0.2938219346507038
21.291666666666668,3.082180824528144
21.333333333333332,4.5563584384892195
21.375,5.901089912204368
21.416666666666668,7.380636358840827
21.458333333333332,9.922616665088814
21.5,11.396438366285707
21.541666666666668,12.608606793366237
21.583333333333332,13.822054635731693
21.625,16.006240953639686
21.666666666666668,16.896863778789175
21.708333333333332,18.155004245168637
21.75,19.03999955079288
21.791666666666668,20.815065966367314
21.833333333333332,21.555389044330404
21.875,22.156262087671774
21.916666666666668,22.947718040195838
21.958333333333332,24.14093359724386
22.0,24.46820182912272
22.041666666666668,25.06105546990425
22.083333333333332,25.582934013853805
22.125,26.10878043937707
22.166666666666668,26.30402437471252
22.208333333333332,26.43468557835434
22.25,26.43468557835434
22.291666666666668,26.17528998175993
22.333333333333332,26.17528998175993
22.375,25.850515008498878
22.416666666666668,25.656700431157013
22.458333333333332,25.00813131583264
22.5,24.6839859673557
22.541666666666668,24.300296628854564
22.583333333333332,23.521647870095897
22.625,22.474812651568808
22.666666666666668,21.693660145553906
22.708333333333332,20.91254769136771
22.75,19.99550552181746
22.791666666666668,18.251895837078543
22.833333333333332,17.37998164725193
22.875,16.324040757522933
22.916666666666668,15.267842615687401
22.958333333333332,13.157542740014808
23.0,11.993348723586978
23.041666666666668,10.79786863460231
23.083333333333332,9.653786088536545
23.125,7.287275831934782
23.166666666666668,5.841140257315232
23.208333333333332,4.521633501589634
23.25,3.340885997885435
23.291666666666668,0.583143014097872
23.333333333333332,-0.7307738854086949
23.375,-2.045408488887233
23.416666666666668,-3.366460663429791
23.458333333333332,-5.725175926574707
23.5,-7.052306007841196
23.541666666666668,-8.378672506215565
23.583333333333332,-9.43818750873146
23.625,-11.8583388047212
23.666666666666668,-12.752119750207612
23.708333333333332,-13.679042487827672
23.75,-14.855716770310522
23.791666666666668,-16.713335669890796
23.833333333333332,-17.459202635627207
23.875,-18.388480236587384
23.916666666666668,-19.039999550792885
23.958333333333332,-20.297569772228684
24.0,-20.952847947753128
24.041666666666668,-21.364670697793684
24.083333333333332,-21.96495551081472
24.125,-22.61986494804043
24.166666666666668,-22.947718040195838
24.208333333333332,-23.217849598473464
24.25,-23.217849598473464
24.291666666666668,-23.54536638395325
24.333333333333332,-23.48689290856484
24.375,-23.48689290856484
24.416666666666668,-23.48689290856484
24.458333333333332,-22.96833409944952
24.5,-22.777023823723795
24.541666666666668,-22.451546456003882
24.583333333333332,-21.99112991717712
24.625,-20.964443027759756
24.666666666666668,-20.504979475963097
24.708333333333332,-19.85900929443892
24.75,-19.214747149679397
24.791666666666668,-17.83861716699718
24.833333333333332,-17.10272896905238
24.875,-16.283361534175697
24.916666666666668,-15.547376742435347
24.958333333333332,-13.755039445994896
25.0,-12.842754043944439
25.041666666666668,-11.650299437537655
25.083333333333332,-10.628547993686254
25.125,-8.437590168733777
25.166666666666668,-7.394008642598266
25.208333333333332,-6.1000599603216585
25.25,-4.93208742826485
25.291666666666668,-2.6091418739813435
25.333333333333332,-1.4502162909334402
25.375,-0.2901027336281743
25.416666666666668,1.017838237296692
25.458333333333332,3.3493676509556667
25.5,4.812023169210492
25.541666666666668,5.841140257315232
25.583333333333332,6.87173700308318
25.625,9.246112745563252
25.666666666666668,10.13494616071458
25.708333333333332,11.309932474020213
25.75,12.258546602657374
25.791666666666668,14.21395933570231
25.833333333333332,15.139317824216596
25.875,16.06640053519666
25.916666666666668,16.713335669890785
25.958333333333332,18.248924218414484
26.0,18.713984504103564
26.041666666666668,19.366505420999495
26.083333333333332,19.882211570917022
26.125,20.815065966367314
26.166666666666668,21.227651188635292
26.208333333333332,21.555389044330404
26.25,21.828693188819592
26.291666666666668,22.156262087671774
26.333333333333332,22.34810834790941
26.375,22.484120018577215
26.416666666666668,22.484120018577215
26.458333333333332,22.34810834790941
26.5,22.292270409468735
26.541666666666668,22.10095693521613
26.583333333333332,21.96495551081471
26.625,21.174506374741092
26.666666666666668,20.847930093894725
26.708333333333332,20.384295795418723
26.75,19.920405978409757
26.791666666666668,18.80579011375007
26.833333333333332,18.202983371623805
26.875,17.554969669160457
26.916666666666668,16.95189424544694
26.958333333333332,15.242292247146437
27.0,14.461173473031645
27.041666666666668,13.752075781774245
27.083333333333332,12.544687913709703
27.125,10.736420302415087
27.166666666666668,9.847013226445982
27.208333333333332,8.668269427149314
27.25,7.778345035907245
27.291666666666668,6.598715787349944
27.333333333333332,4.241792423113818
27.375,3.2204078606105693
27.416666666666668,2.05063525219266
27.458333333333332,0.7307738854087087
27.5,-1.4650458300925493
27.541666666666668,-2.6357964096270052
27.583333333333332,-3.6677880555314175
27.625,-4.8489576150331
27.666666666666668,-6.906817037482199
27.708333333333332,-8.088643765506617
27.75,-9.003192511977062
27.791666666666668,-10.016469322717654
27.833333333333332,-11.828171622918376
27.875,-12.862751018958221
27.916666666666668,-13.752075781774238
27.958333333333332,-14.392334467392175
28.0,-15.844982790418555
28.041666666666668,-16.48875370589127
28.083333333333332,-17.135105559793374
28.125,-17.69449532031885
28.166666666666668,-18.805790113750078
28.208333333333332,-19.130814762430816
28.25,-19.407540415375877
28.291666666666668,-19.782289716125092
28.333333333333332,-20.195914862014746
28.375,-20.521726098492763
28.416666666666668,-20.470452544215192
28.458333333333332,-20.521726098492763
28.5,-20.658910063307502
28.541666666666668,-20.658910063307502
28.583333333333332,-20.470452544215192
28.625,-20.14545245483913
28.666666666666668,-19.8208666737342
28.708333333333332,-19.496715202082044
28.75,-19.221040134870037
28.791666666666668,-18.897001544352776
28.833333333333332,-17.833804511073993
28.875,-17.327921777241244
28.916666666666668,-16.72720021104476
28.958333333333332,-16.125886033896336
29.0,-14.780763051677951
29.041666666666668,-14.036243467926482
29.083333333333332,-13.433152273545943
29.125,-12.512967018509187
29.166666666666668,-10.736420302415098
29.208333333333332,-9.847013226445995
29.25,-8.934707507584704
29.291666666666668,-7.9232592833786555
29.333333333333332,-5.856013585428968
29.375,-4.8489576150331
29.416666666666668,-3.6677880555314175
29.458333333333332,-2.7820055372521324
29.5,-0.5876284162399656
29.541666666666668,0.5876284162399621
29.583333333333332,1.6156064768869636
29.625,2.649328803190424
29.666666666666668,4.702688756791526
29.708333333333332,5.885987833028267
29.75,6.778547048556633
29.791666666666668,7.818150194294703
29.833333333333332,9.582944723532572
29.875,10.502190508749948
29.916666666666668,11.396438366285707
29.958333333333332,12.146097367494603
30.0,13.822054635731693
30.041666666666668,14.428918674728369
30.083333333333332,15.03569462333468
30.125,15.682015459904118
30.166666666666668,16.854135371696362
30.208333333333332,17.31893843151474
30.25,17.783888442692525
30.291666666666668,18.109143677728174
30.333333333333332,18.761284152175815
30.375,19.03999955079288
30.416666666666668,19.227435508848558
30.458333333333332,19.317782283590304
30.5,19.64393353864299
30.541666666666668,19.64393353864299
30.583333333333332,19.456321291499084
30.625,19.456321291499084
30.666666666666668,18.944437070892324
30.708333333333332,18.758650347842234
30.75,18.34223728650309
30.791666666666668,18.15726547437932
30.833333333333332,17.231821757397046
30.875,16.909271810540783
30.916666666666668,16.44727321453771
30.958333333333332,15.704236555440668
31.0,14.78076305167794
31.041666666666668,14.000853861856823
31.083333333333332,13.433152273545947
31.125,12.544687913709703
31.166666666666668,10.880007230059912
31.208333333333332,10.278719804132262
31.25,9.41417450548248
31.291666666666668,8.523525809694387
31.333333333333332,6.598715787349944
31.375,5.579314850012911
31.416666666666668,4.690684455734844
31.458333333333332,3.8140748342903543
31.5,1.7623910236605125
31.541666666666668,0.7345210342548154
31.583333333333332,-0.2930704850263339
31.625,-1.1751332372393506
31.666666666666668,-3.2286478696356085
31.708333333333332,-4.117017459794056
31.75,-5.141303489938281
31.791666666666668,-6.047537074425094
31.833333333333332,-7.94347181059041
31.875,-8.857958763628346
31.916666666666668,-9.727578551401592
31.958333333333332,-10.331104844339677
32.0,-12.401695816721315
32.041666666666664,-13.148283265077964
32.083333333333336,-13.752075781774238
32.125,-14.497723658097925
32.166666666666664,-14.818147250880799
32.208333333333336,-15.42216131873866
32.25,-15.844982790418555
32.291666666666664,-16.166536407963406
32.333333333333336,-16.909271810540787
32.375,-17.188581355840114
32.416666666666664,-17.371468928464935
32.458333333333336,-17.65012421993012
32.5,-17.833804511073993
32.541666666666664,-17.833804511073993
32.583333333333336,-17.972896101491244
32.625,-17.972896101491244
32.666666666666664,-17.55496966916047
32.708333333333336,-17.510903470149316
32.75,-17.231821757397057
32.791666666666664,-17.04903097210982
32.833333333333336,-16.348171547351257
32.875,-16.02586744844976
32.916666666666664,-15.563295629896288
32.958333333333336,-15.280834939891548
33.0,-14.355931418581747
33.041666666666664,-13.609731895812189
33.083333333333336,-13.148283265077964
33.125,-12.370313564287102
33.166666666666664,-11.051457026665446
33.208333333333336,-10.304846468766044
33.25,-9.558577101954995
33.291666666666664,-8.668269427149312
33.333333333333336,-7.052306007841196
33.375,-6.178064902128341
33.416666666666664,-5.273895957351755
33.458333333333336,-4.398705354995542
33.5,-2.6425452940647176
33.541666666666664,-1.615606476886967
33.583333333333336,-0.7307738854086949
33.625,0.14616238577947704
33.666666666666664,2.0454084888872277
33.708333333333336,3.0743131498107084
33.75,3.9603118304583846
33.791666666666664,4.836583445735302
33.833333333333336,6.74401773107743
33.875,7.4882176931769555
33.916666666666664,8.191954557023294
33.958333333333336,9.101824996754447
34.0,10.565873271131503
34.041666666666664,11.166764907137159
34.083333333333336,11.798155369845714
34.125,12.370313564287114
34.166666666666664,13.433152273545947
34.208333333333336,14.178064414706903
34.25,14.534455080540122
34.291666666666664,14.922007459136411
34.333333333333336,15.42216131873867
34.375,16.166536407963395
34.416666666666664,16.34817154735125
34.458333333333336,16.67113050734258
34.5,16.81161629783154
34.541666666666664,17.27527361443844
34.583333333333336,17.091963133118742
34.625,17.091963133118742
34.666666666666664,16.95189424544694
34.708333333333336,16.67113050734258
34.75,16.488753705891256
34.791666666666664,16.34817154735125
34.833333333333336,16.06640053519666
34.875,15.28083493989155
34.916666666666664,14.818147250880806
34.958333333333336,14.355931418581749
35.0,13.894246783393356
35.041666666666664,12.687521373869984
35.083333333333336,12.258546602657374
35.125,11.511171213295185
35.166666666666664,10.9076617954981
35.208333333333336,9.558577101954992
35.25,8.835373213449493
35.291666666666664,8.088643765506612
35.333333333333336,7.343008117006824
35.375,5.870962585027932
35.416666666666664,5.128191041852838
35.458333333333336,4.106497165170428
35.5,3.2204078606105693
35.541666666666664,1.611476672524549
35.583333333333336,0.73264266886477
35.625,-0.2930704850263339
35.666666666666664,-1.1721286209350694
35.708333333333336,-2.9356734464211627
35.75,-3.814074834290352
35.791666666666664,-4.690684455734839
35.833333333333336,-5.579314850012906
35.875,-7.3243367259394745
35.916666666666664,-7.9232592833786555
35.958333333333336,-8.668269427149312
36.0,-9.390282288511372
36.041666666666664,-10.709249854439406
36.083333333333336,-11.3099324740202
36.125,-11.768288932020653
36.166666666666664,-12.370313564287102
36.208333333333336,-13.257238846581089
36.25,-13.717346318360313
36.291666666666664,-14.000853861856825
36.333333333333336,-14.31970821519576
36.375,-14.780763051677951
36.416666666666664,-14.92200745913641
36.458333333333336,-15.06306653010708
36.5,-15.242292247146452
36.541666666666664,-15.242292247146452
36.583333333333336,-15.242292247146452
36.625,-15.242292247146452
36.666666666666664,-15.242292247146452
36.708333333333336,-14.92200745913641
36.75,-14.639334662307022
36.791666666666664,-14.31970821519576
36.833333333333336,-14.036243467926482
36.875,-13.290801411285884
36.916666666666664,-12.972706361048381
36.958333333333336,-12.401695816721315
37.0,-12.084540283341312
37.041666666666664,-10.880007230059903
37.083333333333336,-10.278719804132265
37.125,-9.847013226445995
37.166666666666664,-8.980248775223004
37.208333333333336,-7.9232592833786555
37.25,-6.88923257902519
37.291666666666664,-6.29181367169349
37.333333333333336,-5.405754014978271
37.375,-3.8043488490649793
37.416666666666664,-3.0664855011258965
37.458333333333336,-2.1913713999788342
37.5,-1.4575933507327647
37.541666666666664,0.14616238577947704
37.583333333333336,0.8746767711213187
37.625,1.7534048600715397
37.666666666666664,2.483209981749071
37.708333333333336,4.2310108694079815
37.75,4.969740728110304
37.791666666666664,5.6960842040257536
37.833333333333336,6.565258184575198
37.875,7.923259283378657
37.916666666666664,8.646266583920816
37.958333333333336,9.222692574219947
38.0,9.822064945192434
38.041666666666664,10.995594692794405
38.083333333333336,11.338623397767874
38.125,11.798155369845714
38.166666666666664,12.544687913709703
38.208333333333336,13.433152273545947
38.25,13.752075781774245
38.291666666666664,14.036243467926479
38.333333333333336,14.355931418581749
38.375,14.676393137450013
38.416666666666664,14.959716046191916
38.458333333333336,14.99761131547889
38.5,14.959716046191916
38.541666666666664,15.101098161385437
38.583333333333336,15.101098161385437
38.625,14.959716046191916
38.666666666666664,14.959716046191916
38.708333333333336,14.49772365809792
38.75,14.319708215195757
38.791666666666664,14.036243467926479
38.833333333333336,13.6097318958122
38.875,12.939976545737009
38.916666666666664,12.370313564287114
38.958333333333336,12.053991676908922
39.0,11.768288932020644
39.041666666666664,10.709249854439397
39.083333333333336,10.13494616071458
39.125,9.534331947462942
39.166666666666664,8.957420728970728
39.208333333333336,7.613938124391143
39.25,7.034358545582466
39.291666666666664,6.291813671693503
39.333333333333336,5.433381190385344
39.375,4.09603040754343
39.416666666666664,3.3664606634298013
39.458333333333336,2.635796409627004
39.5,2.0454084888872277
39.541666666666664,0.2923228692285534
39.583333333333336,-0.4373638675207303
39.625,-1.1691393279074305
39.666666666666664,-1.8994190126342119
39.708333333333336,-3.494638927253334
39.75,-4.085616779974885
39.791666666666664,-4.812023169210505
39.833333333333336,-5.550954853872554
39.875,-6.871737003083183
39.916666666666664,-7.450249068656177
39.958333333333336,-8.17123355994974
40.0,-8.790543182813934
40.041666666666664,-9.629434424401722
40.083333333333336,-10.226857706341349
40.125,-10.682214985593276
40.166666666666664,-10.995594692794413
40.208333333333336,-11.738571206722327
40.25,-11.911215431971584
40.291666666666664,-12.053991676908936
40.333333333333336,-12.481403600128033
40.375,-12.797800002847993
40.416666666666664,-12.93997654573701
40.458333333333336,-12.907408671265841
40.5,-12.765565781058626
40.541666666666664,-12.765565781058626
40.583333333333336,-12.481403600128033
40.625,-12.481403600128033
40.666666666666664,-12.481403600128033
40.708333333333336,-11.881157610358997
40.75,-11.59583718439697
40.791666666666664,-11.138559766183647
40.833333333333336,-10.852490860253425
40.875,-9.965744972357243
40.916666666666664,-9.366509957012113
40.958333333333336,-9.055806386820336
41.0,-8.480341879366307
41.041666666666664,-7.883139316729739
41.083333333333336,-6.709836807756943
41.125,-6.131025268862118
41.166666666666664,-5.392045206825628
41.208333333333336,-4.812023169210505
41.25,-3.3493676509556565
41.291666666666664,-2.905920999653347
41.333333333333336,-2.185800806775603
41.375,-1.4575933507327647
41.416666666666664,0.0
41.458333333333336,0.8746767711213187
41.5,1.5992129417312482
41.541666666666664,2.1858008067755987
41.583333333333336,3.494638927253337
41.625,4.376350389484145
41.666666666666664,4.95712606968069
41.708333333333336,5.550954853872561
41.75,6.7098368077569335
41.791666666666664,7.324336725939483
41.833333333333336,8.047603088617283
41.875,8.480341879366318
41.916666666666664,9.534331947462942
41.958333333333336,10.13494616071458
42.0,10.422362715922834
42.041666666666664,10.736420302415087
42.083333333333336,11.481991354748095
42.125,11.768288932020644
42.166666666666664,12.084540283341308
42.208333333333336,12.227504145434413
42.25,12.687521373869984
42.291666666666664,12.862751018958216
42.333333333333336,13.148283265077952
42.375,12.972706361048372
42.416666666666664,13.148283265077952
42.458333333333336,13.148283265077952
42.5,13.148283265077952
42.541666666666664,13.148283265077952
42.583333333333336,12.830194688706522
42.625,12.830194688706522
42.666666666666664,12.512967018509197
42.708333333333336,12.084540283341308
42.75,11.911215431971595
42.791666666666664,11.338623397767874
42.833333333333336,11.195111426299977
42.875,10.736420302415087
42.916666666666664,9.847013226445982
42.958333333333336,9.390282288511361
43.0,9.078757865988964
43.041666666666664,8.501879411481449
43.083333333333336,7.613938124391143
43.125,7.179393851885467
43.166666666666664,6.436920600855314
43.208333333333336,5.841140257315232
43.25,4.678741148167697
43.291666666666664,4.085616779974877
43.333333333333336,3.3578924296798425
43.375,2.6224014605410915
43.416666666666664,1.3118877825041106
43.458333333333336,0.7270647725260015
43.5,0.14542044792931447
43.541666666666664,-0.5831430140978853
43.583333333333336,-1.89458941216796
43.625,-2.4706205139935093
43.666666666666664,-3.1959380135959066
43.708333333333336,-3.7754658242898245
43.75,-4.944575129854599
43.791666666666664,-5.536882362483709
43.833333333333336,-6.115503566285412
43.875,-6.709836807756943
43.916666666666664,-7.575445587600029
43.958333333333336,-8.17123355994974
44.0,-8.437590168733777
44.041666666666664,-8.889622119475376
44.083333333333336,-9.629434424401722
44.125,-9.940573033113026
44.166666666666664,-10.252723872716388
44.208333333333336,-10.539183728628217
44.25,-10.682214985593276
44.291666666666664,-10.995594692794413
44.333333333333336,-10.995594692794413
44.375,-10.995594692794413
44.416666666666664,-11.138559766183647
44.458333333333336,-10.995594692794413
44.5,-10.852490860253425
44.541666666666664,-10.82511166537006
44.583333333333336,-10.252723872716388
44.625,-10.083778965748763
44.666666666666664,-9.940573033113026
44.708333333333336,-9.510208347743514
44.75,-8.889622119475376
44.791666666666664,-8.746162262555202
44.833333333333336,-8.17123355994974
44.875,-7.738940694927521
44.916666666666664,-6.837009829558838
44.958333333333336,-6.259968080170751
45.0,-5.826342029555775
45.041666666666664,-5.247138901616438
45.083333333333336,-4.209611059651763
45.125,-3.6306517354162224
45.166666666666664,-2.767869820887654
45.208333333333336,-2.331365086734621
45.25,-1.1661652412496721
45.291666666666664,-0.4362538499004529
45.333333333333336,0.1457904729192222
45.375,0.7289146107579416
45.416666666666664,1.8945894121679663
45.458333333333336,2.4768992606516362
45.5,3.2040532495567873
45.541666666666664,3.6491255437282892
45.583333333333336,4.969740728110304
45.625,5.405754014978267
45.666666666666664,5.986121211202586
45.708333333333336,6.565258184575198
45.75,7.4502490686561815
45.791666666666664,7.758593140226213
45.833333333333336,8.336201391540106
45.875,8.646266583920816
45.916666666666664,9.534331947462942
45.958333333333336,9.678260053133947
46.0,9.822064945192434
46.041666666666664,10.13494616071458
46.083333333333336,10.592696787156564
46.125,10.736420302415087
46.166666666666664,10.736420302415087
46.208333333333336,11.051457026665439
